origin_country,destination_country,total_migrants
Afghanistan,Australia,55590.0
Afghanistan,Bulgaria,693.0
Afghanistan,Canada,60820.0
Afghanistan,Colombia,386.0
Afghanistan,Czech Republic,452.0
Afghanistan,Denmark,12913.0
Afghanistan,Estonia,67.0
Afghanistan,France,28169.287010908127
Afghanistan,Greece,10127.0
Afghanistan,Hungary,914.0
Afghanistan,Italy,12265.0
Afghanistan,LUX,585.0
Afghanistan,Latvia,41.0
Afghanistan,Lithuania,35.0
Afghanistan,New Zealand,3366.0
Afghanistan,Norway,16556.0
Afghanistan,Poland,350.0
Afghanistan,Portugal,92.0
Afghanistan,Slovakia,194.0
Afghanistan,Slovenia,52.0
Afghanistan,Spain,832.0
Afghanistan,Sweden,55990.0
Afghanistan,Switzerland,15409.989135742188
Afghanistan,Turkey,138579.0
Afghanistan,United States,97897.0
Africa,Australia,511.0
Africa,United States,212537.0
Albania,Australia,3544.0
Albania,Bulgaria,441.0
Albania,Canada,18790.0
Albania,Colombia,145.0
Albania,Czech Republic,598.0
Albania,Denmark,541.0
Albania,Estonia,61.0
Albania,France,28816.117289482045
Albania,Greece,410095.0
Albania,Hungary,547.0
Albania,Italy,493356.0
Albania,LUX,1373.0
Albania,Latvia,14.0
Albania,Lithuania,9.0
Albania,New Zealand,57.0
Albania,Norway,2666.0
Albania,Poland,379.0
Albania,Portugal,88.0
Albania,Slovakia,75.0
Albania,Slovenia,183.0
Albania,Spain,4287.0
Albania,Sweden,7385.0
Albania,Switzerland,5875.915002822876
Albania,Turkey,3631.0
Albania,United States,105480.0
Algeria,Australia,1459.0
Algeria,Bulgaria,162.0
Algeria,Canada,79105.0
Algeria,Colombia,53.0
Algeria,Czech Republic,746.0
Algeria,Denmark,945.0
Algeria,Estonia,39.0
Algeria,France,1354113.7071242332
Algeria,Greece,997.0
Algeria,Hungary,918.0
Algeria,Italy,20377.0
Algeria,LUX,1234.0
Algeria,Latvia,18.0
Algeria,Lithuania,26.0
Algeria,New Zealand,87.0
Algeria,Norway,1284.0
Algeria,Poland,1040.0
Algeria,Portugal,549.0
Algeria,Slovakia,83.0
Algeria,Slovenia,44.0
Algeria,Spain,66496.0
Algeria,Sweden,3395.0
Algeria,Switzerland,8762.381959915161
Algeria,Turkey,10807.0
Algeria,United States,29173.0
Angola,Australia,503.0
Angola,Bulgaria,48.0
Angola,Canada,4500.0
Angola,Colombia,42.0
Angola,Czech Republic,151.0
Angola,Denmark,140.0
Angola,Estonia,4.0
Angola,France,22040.462113055695
Angola,Greece,44.0
Angola,Hungary,153.0
Angola,Italy,1748.0
Angola,LUX,1112.0
Angola,Latvia,2.0
Angola,Norway,487.0
Angola,Poland,142.0
Angola,Portugal,149617.0
Angola,Slovakia,30.0
Angola,Slovenia,3.0
Angola,Spain,3169.0
Angola,Sweden,795.0
Angola,Switzerland,5505.750021930771
Angola,Turkey,1394.0
Argentina,Australia,17642.0
Argentina,Bulgaria,98.0
Argentina,Canada,20735.0
Argentina,Colombia,3844.0
Argentina,Czech Republic,521.0
Argentina,Denmark,3599.0
Argentina,Estonia,108.0
Argentina,France,14434.34209094034
Argentina,Greece,696.0
Argentina,Hungary,524.0
Argentina,Italy,71603.0
Argentina,LUX,562.0
Argentina,Latvia,21.0
Argentina,Lithuania,62.0
Argentina,Mexico,17341.0
Argentina,New Zealand,3219.0
Argentina,Norway,1339.0
Argentina,Poland,487.0
Argentina,Portugal,1900.0
Argentina,Slovakia,84.0
Argentina,Slovenia,456.0
Argentina,Spain,289939.0
Argentina,Sweden,3755.0
Argentina,Switzerland,10879.119092941284
Argentina,Turkey,252.0
Argentina,United States,194864.0
Australia,Australia,12945961.0
Australia,Bulgaria,114.0
Australia,Canada,31250.0
Australia,Colombia,332.0
Australia,Czech Republic,673.0
Australia,Denmark,3170.0
Australia,Estonia,172.0
Australia,France,7196.94721698761
Australia,Greece,18769.0
Australia,Hungary,719.0
Australia,Italy,17845.0
Australia,LUX,263.0
Australia,Latvia,101.0
Australia,Lithuania,35.0
Australia,New Zealand,58272.0
Australia,Norway,2282.0
Australia,Poland,1057.0
Australia,Portugal,1335.0
Australia,Slovakia,211.0
Australia,Slovenia,339.0
Australia,Spain,6246.0
Australia,Sweden,4285.0
Australia,Switzerland,6740.130996704102
Australia,Turkey,4286.0
Australia,United States,109874.0
Austria,Australia,14196.0
Austria,Bulgaria,311.0
Austria,Canada,14470.0
Austria,Colombia,166.0
Austria,Czech Republic,2224.0
Austria,Denmark,1826.0
Austria,Estonia,148.0
Austria,France,9548.414227724075
Austria,Greece,1823.0
Austria,Hungary,5783.0
Austria,Italy,13408.0
Austria,LUX,939.0
Austria,Latvia,85.0
Austria,Lithuania,46.0
Austria,New Zealand,1341.0
Austria,Norway,1633.0
Austria,Poland,3641.0
Austria,Portugal,642.0
Austria,Slovakia,1818.0
Austria,Slovenia,2470.0
Austria,Spain,6565.0
Austria,Sweden,5330.0
Austria,Switzerland,52942.55330467224
Austria,Turkey,19459.0
Austria,United States,47935.0
Bangladesh,Australia,48185.0
Bangladesh,Bulgaria,89.0
Bangladesh,Canada,74375.0
Bangladesh,Colombia,6.0
Bangladesh,Czech Republic,433.0
Bangladesh,Denmark,1809.0
Bangladesh,Estonia,426.0
Bangladesh,France,17653.60742078711
Bangladesh,Greece,16427.0
Bangladesh,Hungary,319.0
Bangladesh,Italy,138346.0
Bangladesh,LUX,165.0
Bangladesh,Latvia,13.0
Bangladesh,Lithuania,6.0
Bangladesh,New Zealand,2310.0
Bangladesh,Norway,1367.0
Bangladesh,Poland,1051.0
Bangladesh,Portugal,8554.0
Bangladesh,Slovakia,22.0
Bangladesh,Slovenia,41.0
Bangladesh,Spain,17311.0
Bangladesh,Sweden,11320.0
Bangladesh,Switzerland,2180.7970104146725
Bangladesh,Turkey,1473.0
Bangladesh,United States,252668.0
Belarus,Australia,1999.0
Belarus,Bulgaria,842.0
Belarus,Canada,12180.0
Belarus,Colombia,18.0
Belarus,Czech Republic,6750.0
Belarus,Denmark,781.0
Belarus,Estonia,10141.0
Belarus,France,5069.750941991806
Belarus,Greece,1648.0
Belarus,Hungary,736.0
Belarus,Italy,12915.0
Belarus,LUX,369.0
Belarus,Latvia,39648.0
Belarus,Lithuania,35789.0
Belarus,New Zealand,222.0
Belarus,Norway,1228.0
Belarus,Poland,71928.0
Belarus,Portugal,843.0
Belarus,Slovakia,307.0
Belarus,Slovenia,216.0
Belarus,Spain,5648.0
Belarus,Sweden,3480.0
Belarus,Switzerland,1767.6119928359985
Belarus,Turkey,4793.0
Belarus,United States,69063.0
Belgium,Australia,6826.0
Belgium,Bulgaria,503.0
Belgium,Canada,20825.0
Belgium,Colombia,437.0
Belgium,Czech Republic,877.0
Belgium,Denmark,2117.0
Belgium,Estonia,234.0
Belgium,France,146905.7825157833
Belgium,Greece,4905.0
Belgium,Hungary,2314.0
Belgium,Italy,42141.0
Belgium,LUX,19913.0
Belgium,Latvia,44.0
Belgium,Lithuania,58.0
Belgium,New Zealand,1065.0
Belgium,Norway,1694.0
Belgium,Poland,3308.0
Belgium,Portugal,5282.0
Belgium,Slovakia,687.0
Belgium,Slovenia,250.0
Belgium,Spain,45416.0
Belgium,Sweden,2755.0
Belgium,Switzerland,15347.63403892517
Belgium,Turkey,29068.0
Belgium,United States,42149.0
Bolivia,Australia,971.0
Bolivia,Bulgaria,6.0
Bolivia,Canada,5000.0
Bolivia,Colombia,823.0
Bolivia,Czech Republic,130.0
Bolivia,Denmark,368.0
Bolivia,Estonia,7.0
Bolivia,France,4240.131130218506
Bolivia,Greece,22.0
Bolivia,Hungary,55.0
Bolivia,Italy,14374.0
Bolivia,LUX,100.0
Bolivia,Latvia,2.0
Bolivia,New Zealand,96.0
Bolivia,Norway,568.0
Bolivia,Poland,68.0
Bolivia,Portugal,199.0
Bolivia,Slovakia,11.0
Bolivia,Slovenia,16.0
Bolivia,Spain,173274.0
Bolivia,Sweden,4490.0
Bolivia,Switzerland,4913.406000137329
Bolivia,United States,78362.0
Bosnia and Herzegovina,Australia,26016.0
Bosnia and Herzegovina,Bulgaria,107.0
Bosnia and Herzegovina,Canada,36180.0
Bosnia and Herzegovina,Colombia,13.0
Bosnia and Herzegovina,Czech Republic,2778.0
Bosnia and Herzegovina,Denmark,16683.0
Bosnia and Herzegovina,Estonia,19.0
Bosnia and Herzegovina,France,15008.744290590286
Bosnia and Herzegovina,Greece,472.0
Bosnia and Herzegovina,Hungary,813.0
Bosnia and Herzegovina,Italy,29335.0
Bosnia and Herzegovina,LUX,2985.0
Bosnia and Herzegovina,Latvia,11.0
Bosnia and Herzegovina,New Zealand,342.0
Bosnia and Herzegovina,Norway,13696.0
Bosnia and Herzegovina,Poland,1669.0
Bosnia and Herzegovina,Portugal,125.0
Bosnia and Herzegovina,Slovakia,551.0
Bosnia and Herzegovina,Slovenia,126037.0
Bosnia and Herzegovina,Spain,1831.0
Bosnia and Herzegovina,Sweden,59185.0
Bosnia and Herzegovina,Switzerland,57346.29967689514
Bosnia and Herzegovina,Turkey,2057.0
Bosnia and Herzegovina,United States,112920.0
Brazil,Australia,45003.0
Brazil,Bulgaria,133.0
Brazil,Canada,69950.0
Brazil,Colombia,3130.0
Brazil,Czech Republic,1151.0
Brazil,Denmark,4462.0
Brazil,Estonia,485.0
Brazil,France,63599.328036844025
Brazil,Greece,2416.0
Brazil,Hungary,1658.0
Brazil,Italy,113600.0
Brazil,Japan,149011.0
Brazil,LUX,4723.0
Brazil,Latvia,57.0
Brazil,Lithuania,79.0
Brazil,New Zealand,7053.0
Brazil,Norway,6359.0
Brazil,Poland,1626.0
Brazil,Portugal,238783.0
Brazil,Slovakia,146.0
Brazil,Slovenia,189.0
Brazil,Spain,144016.0
Brazil,Sweden,10005.0
Brazil,Switzerland,44217.661668081666
Brazil,Turkey,1166.0
Brazil,United States,515339.0
Bulgaria,Australia,3559.0
Bulgaria,Bulgaria,5499655.0
Bulgaria,Canada,18900.0
Bulgaria,Colombia,59.0
Bulgaria,Czech Republic,11635.0
Bulgaria,Denmark,9434.0
Bulgaria,Estonia,233.0
Bulgaria,France,28270.70014476776
Bulgaria,Greece,35287.0
Bulgaria,Hungary,1614.0
Bulgaria,Italy,48706.0
Bulgaria,LUX,1763.0
Bulgaria,Latvia,117.0
Bulgaria,Lithuania,45.0
Bulgaria,New Zealand,705.0
Bulgaria,Norway,7016.0
Bulgaria,Poland,3114.0
Bulgaria,Portugal,2918.0
Bulgaria,Slovakia,1531.0
Bulgaria,Slovenia,1153.0
Bulgaria,Spain,108789.0
Bulgaria,Sweden,9350.0
Bulgaria,Switzerland,8985.836011886597
Bulgaria,Turkey,355938.0
Bulgaria,United States,75116.0
Cambodia,Australia,37739.0
Cambodia,Bulgaria,10.0
Cambodia,Canada,23380.0
Cambodia,Colombia,7.0
Cambodia,Czech Republic,62.0
Cambodia,Denmark,239.0
Cambodia,Estonia,10.0
Cambodia,France,56932.136199465254
Cambodia,Greece,3.0
Cambodia,Hungary,108.0
Cambodia,Italy,1137.0
Cambodia,LUX,80.0
Cambodia,Lithuania,7.0
Cambodia,New Zealand,7455.0
Cambodia,Norway,456.0
Cambodia,Poland,37.0
Cambodia,Portugal,23.0
Cambodia,Slovakia,6.0
Cambodia,Slovenia,1.0
Cambodia,South Korea,37108.0
Cambodia,Spain,107.0
Cambodia,Sweden,650.0
Cambodia,Switzerland,2173.6459856210204
Cambodia,United States,150284.0
Cameroon,Australia,463.0
Cameroon,Bulgaria,20.0
Cameroon,Canada,27440.0
Cameroon,Colombia,14.0
Cameroon,Czech Republic,112.0
Cameroon,Denmark,758.0
Cameroon,Estonia,141.0
Cameroon,France,108413.63816869259
Cameroon,Greece,1117.0
Cameroon,Hungary,210.0
Cameroon,Italy,14195.0
Cameroon,LUX,1514.0
Cameroon,Latvia,45.0
Cameroon,Lithuania,10.0
Cameroon,New Zealand,15.0
Cameroon,Norway,776.0
Cameroon,Poland,238.0
Cameroon,Portugal,158.0
Cameroon,Slovakia,10.0
Cameroon,Slovenia,20.0
Cameroon,Spain,6471.0
Cameroon,Sweden,1925.0
Cameroon,Switzerland,7038.359068870544
Cameroon,Turkey,2066.0
Cameroon,United States,77418.0
Canada,Australia,46548.0
Canada,Bulgaria,273.0
Canada,Canada,21282220.0
Canada,Colombia,851.0
Canada,Czech Republic,1041.0
Canada,Denmark,3621.0
Canada,Estonia,201.0
Canada,France,22782.566856601257
Canada,Greece,11898.0
Canada,Hungary,1578.0
Canada,Italy,23112.0
Canada,LUX,729.0
Canada,Latvia,121.0
Canada,Lithuania,57.0
Canada,New Zealand,11022.0
Canada,Norway,3151.0
Canada,Poland,3045.0
Canada,Portugal,6958.0
Canada,Slovakia,370.0
Canada,Slovenia,354.0
Canada,Spain,6847.0
Canada,Sweden,3895.0
Canada,Switzerland,11346.353009223938
Canada,Turkey,2873.0
Canada,United States,916071.0
Chile,Australia,29213.0
Chile,Bulgaria,33.0
Chile,Canada,30320.0
Chile,Colombia,2342.0
Chile,Czech Republic,228.0
Chile,Denmark,2224.0
Chile,Estonia,47.0
Chile,France,14758.111151669891
Chile,Greece,404.0
Chile,Hungary,356.0
Chile,Italy,11747.0
Chile,LUX,245.0
Chile,Latvia,6.0
Chile,New Zealand,3621.0
Chile,Norway,6447.0
Chile,Poland,180.0
Chile,Portugal,473.0
Chile,Slovakia,16.0
Chile,Slovenia,38.0
Chile,Spain,58784.0
Chile,Sweden,27635.0
Chile,Switzerland,7075.9610204696655
Chile,Turkey,154.0
Chile,United States,105277.0
China,Australia,670737.0
China,Bulgaria,1446.0
China,Canada,1021350.0
China,Colombia,1511.0
China,Czech Republic,4674.0
China,Denmark,13480.0
China,Estonia,505.0
China,France,110613.22046875954
China,Greece,5602.0
China,Hungary,14457.0
China,Italy,223699.0
China,Japan,589881.0
China,LUX,4502.0
China,Latvia,333.0
China,Lithuania,129.0
China,New Zealand,136125.0
China,Norway,12678.0
China,Poland,3946.0
China,Portugal,15336.0
China,Slovakia,1839.0
China,Slovenia,1170.0
China,South Korea,706753.0
China,Spain,179618.0
China,Sweden,33255.0
China,Switzerland,20830.783877418493
China,Turkey,21175.0
China,United States,2400687.0
Colombia,Australia,34281.0
Colombia,Bulgaria,66.0
Colombia,Canada,92445.0
Colombia,Colombia,33070015.0
Colombia,Czech Republic,454.0
Colombia,Denmark,3335.0
Colombia,Estonia,97.0
Colombia,France,35852.73185658455
Colombia,Greece,491.0
Colombia,Hungary,422.0
Colombia,Italy,39235.0
Colombia,LUX,652.0
Colombia,Latvia,17.0
Colombia,Lithuania,28.0
Colombia,Mexico,33150.0
Colombia,New Zealand,2286.0
Colombia,Norway,5799.0
Colombia,Poland,471.0
Colombia,Portugal,1904.0
Colombia,Slovakia,61.0
Colombia,Slovenia,63.0
Colombia,Spain,502440.0
Colombia,Sweden,12310.0
Colombia,Switzerland,15351.078941345215
Colombia,Turkey,833.0
Colombia,United States,835735.0
Croatia,Australia,43116.0
Croatia,Bulgaria,103.0
Croatia,Canada,37360.0
Croatia,Colombia,57.0
Croatia,Czech Republic,2081.0
Croatia,Denmark,2251.0
Croatia,Estonia,66.0
Croatia,France,8549.274705648424
Croatia,Greece,436.0
Croatia,Hungary,2683.0
Croatia,Italy,22727.0
Croatia,LUX,955.0
Croatia,Latvia,17.0
Croatia,New Zealand,1668.0
Croatia,Norway,4990.0
Croatia,Poland,565.0
Croatia,Portugal,183.0
Croatia,Slovakia,856.0
Croatia,Slovenia,42818.0
Croatia,Spain,2259.0
Croatia,Sweden,11295.0
Croatia,Switzerland,17751.72510910034
Croatia,Turkey,293.0
Croatia,United States,40304.0
Cuba,Australia,818.0
Cuba,Bulgaria,387.0
Cuba,Canada,20165.0
Cuba,Colombia,2266.0
Cuba,Czech Republic,762.0
Cuba,Denmark,511.0
Cuba,Estonia,40.0
Cuba,France,6315.544421911239
Cuba,Greece,436.0
Cuba,Hungary,565.0
Cuba,Italy,36173.0
Cuba,LUX,206.0
Cuba,Latvia,46.0
Cuba,Lithuania,8.0
Cuba,Mexico,24617.0
Cuba,New Zealand,30.0
Cuba,Norway,1091.0
Cuba,Poland,370.0
Cuba,Portugal,1477.0
Cuba,Slovakia,135.0
Cuba,Slovenia,86.0
Cuba,Spain,159955.0
Cuba,Sweden,2930.0
Cuba,Switzerland,3592.7640132904053
Cuba,Turkey,490.0
Cuba,United States,1298502.0
Czech Republic,Australia,7592.0
Czech Republic,Bulgaria,1081.0
Czech Republic,Canada,20305.0
Czech Republic,Colombia,70.0
Czech Republic,Czech Republic,8182910.0
Czech Republic,Denmark,1728.0
Czech Republic,Estonia,199.0
Czech Republic,France,8627.339073181152
Czech Republic,Greece,4240.0
Czech Republic,Hungary,2271.0
Czech Republic,Italy,8756.0
Czech Republic,LUX,959.0
Czech Republic,Latvia,133.0
Czech Republic,Lithuania,42.0
Czech Republic,New Zealand,2247.0
Czech Republic,Norway,2156.0
Czech Republic,Poland,5065.0
Czech Republic,Portugal,370.0
Czech Republic,Slovakia,96403.0
Czech Republic,Slovenia,375.0
Czech Republic,Spain,6960.0
Czech Republic,Sweden,1970.0
Czech Republic,Switzerland,14771.60997390747
Czech Republic,Turkey,494.0
Czech Republic,United States,29999.0
Côte d'Ivoire,Australia,562.0
Côte d'Ivoire,Bulgaria,12.0
Côte d'Ivoire,Canada,18545.0
Côte d'Ivoire,Colombia,8.0
Côte d'Ivoire,Czech Republic,92.0
Côte d'Ivoire,Denmark,423.0
Côte d'Ivoire,Estonia,8.0
Côte d'Ivoire,France,135097.7901148796
Côte d'Ivoire,Greece,161.0
Côte d'Ivoire,Hungary,73.0
Côte d'Ivoire,Italy,31705.0
Côte d'Ivoire,LUX,553.0
Côte d'Ivoire,Latvia,9.0
Côte d'Ivoire,Norway,341.0
Côte d'Ivoire,Poland,48.0
Côte d'Ivoire,Portugal,170.0
Côte d'Ivoire,Slovakia,12.0
Côte d'Ivoire,Slovenia,2.0
Côte d'Ivoire,Spain,5060.0
Côte d'Ivoire,Sweden,1090.0
Côte d'Ivoire,Switzerland,3301.779996870498
Côte d'Ivoire,Turkey,885.0
Côte d'Ivoire,United States,28870.0
Democratic Republic of the Congo,Australia,5576.0
Democratic Republic of the Congo,Bulgaria,11.0
Democratic Republic of the Congo,Canada,36875.0
Democratic Republic of the Congo,Czech Republic,98.0
Democratic Republic of the Congo,Denmark,1523.0
Democratic Republic of the Congo,Estonia,15.0
Democratic Republic of the Congo,France,97327.26862370968
Democratic Republic of the Congo,Greece,1723.0
Democratic Republic of the Congo,Hungary,76.0
Democratic Republic of the Congo,Italy,6239.0
Democratic Republic of the Congo,LUX,951.0
Democratic Republic of the Congo,Latvia,4.0
Democratic Republic of the Congo,New Zealand,90.0
Democratic Republic of the Congo,Norway,3385.0
Democratic Republic of the Congo,Poland,76.0
Democratic Republic of the Congo,Portugal,2070.0
Democratic Republic of the Congo,Slovakia,10.0
Democratic Republic of the Congo,Slovenia,3.0
Democratic Republic of the Congo,Spain,1391.0
Democratic Republic of the Congo,Sweden,4810.0
Democratic Republic of the Congo,Switzerland,6227.642995863537
Democratic Republic of the Congo,Turkey,1216.0
Democratic Republic of the Congo,United States,49482.0
Dominican Republic,Australia,181.0
Dominican Republic,Bulgaria,24.0
Dominican Republic,Canada,13970.0
Dominican Republic,Colombia,682.0
Dominican Republic,Czech Republic,75.0
Dominican Republic,Denmark,161.0
Dominican Republic,Estonia,7.0
Dominican Republic,France,5753.299934864044
Dominican Republic,Greece,646.0
Dominican Republic,Hungary,50.0
Dominican Republic,Italy,44964.0
Dominican Republic,LUX,535.0
Dominican Republic,New Zealand,15.0
Dominican Republic,Norway,931.0
Dominican Republic,Poland,56.0
Dominican Republic,Portugal,228.0
Dominican Republic,Slovakia,14.0
Dominican Republic,Slovenia,170.0
Dominican Republic,Spain,177294.0
Dominican Republic,Sweden,845.0
Dominican Republic,Switzerland,11638.887931071105
Dominican Republic,United States,1185367.0
Ecuador,Australia,2444.0
Ecuador,Bulgaria,28.0
Ecuador,Canada,18030.0
Ecuador,Colombia,11549.0
Ecuador,Czech Republic,149.0
Ecuador,Denmark,596.0
Ecuador,Estonia,35.0
Ecuador,France,6571.908172130585
Ecuador,Greece,91.0
Ecuador,Hungary,286.0
Ecuador,Italy,76177.0
Ecuador,LUX,236.0
Ecuador,Latvia,3.0
Ecuador,New Zealand,114.0
Ecuador,Norway,829.0
Ecuador,Poland,175.0
Ecuador,Portugal,576.0
Ecuador,Slovakia,36.0
Ecuador,Slovenia,14.0
Ecuador,Spain,408077.0
Ecuador,Sweden,2550.0
Ecuador,Switzerland,7798.6490116119385
Ecuador,United States,457678.0
Egypt,Australia,40141.0
Egypt,Bulgaria,201.0
Egypt,Canada,71825.0
Egypt,Colombia,109.0
Egypt,Czech Republic,1058.0
Egypt,Denmark,1805.0
Egypt,Estonia,218.0
Egypt,France,32136.7760515213
Egypt,Greece,24463.0
Egypt,Hungary,1803.0
Egypt,Italy,122597.0
Egypt,LUX,406.0
Egypt,Latvia,81.0
Egypt,Lithuania,86.0
Egypt,New Zealand,1416.0
Egypt,Norway,1286.0
Egypt,Poland,2481.0
Egypt,Portugal,292.0
Egypt,Slovakia,166.0
Egypt,Slovenia,155.0
Egypt,Spain,5335.0
Egypt,Sweden,7865.0
Egypt,Switzerland,5836.115005493164
Egypt,Turkey,28736.0
Egypt,United States,208241.0
El Salvador,Australia,10040.0
El Salvador,Bulgaria,6.0
El Salvador,Canada,50635.0
El Salvador,Colombia,608.0
El Salvador,Czech Republic,39.0
El Salvador,Denmark,71.0
El Salvador,Estonia,11.0
El Salvador,France,1755.050124168396
El Salvador,Greece,92.0
El Salvador,Hungary,20.0
El Salvador,Italy,19437.0
El Salvador,LUX,38.0
El Salvador,Latvia,1.0
El Salvador,Mexico,17590.0
El Salvador,New Zealand,27.0
El Salvador,Norway,225.0
El Salvador,Poland,35.0
El Salvador,Portugal,94.0
El Salvador,Slovakia,2.0
El Salvador,Slovenia,1.0
El Salvador,Spain,25071.0
El Salvador,Sweden,3240.0
El Salvador,Switzerland,1035.0849952697754
El Salvador,United States,1360858.0
Eritrea,Australia,5073.0
Eritrea,Bulgaria,4.0
Eritrea,Canada,29535.0
Eritrea,Colombia,1.0
Eritrea,Czech Republic,16.0
Eritrea,Denmark,4615.0
Eritrea,Estonia,4.0
Eritrea,France,4278.586385726929
Eritrea,Greece,311.0
Eritrea,Hungary,36.0
Eritrea,Italy,9462.0
Eritrea,LUX,1105.0
Eritrea,Latvia,11.0
Eritrea,Lithuania,7.0
Eritrea,New Zealand,189.0
Eritrea,Norway,21211.0
Eritrea,Poland,14.0
Eritrea,Portugal,74.0
Eritrea,Slovakia,4.0
Eritrea,Slovenia,79.0
Eritrea,Spain,232.0
Eritrea,Sweden,41765.0
Eritrea,Switzerland,24210.082248441893
Eritrea,Turkey,1057.0
Eritrea,United States,47567.0
Ethiopia,Australia,13128.0
Ethiopia,Bulgaria,51.0
Ethiopia,Canada,41230.0
Ethiopia,Colombia,7.0
Ethiopia,Czech Republic,177.0
Ethiopia,Denmark,1560.0
Ethiopia,Estonia,16.0
Ethiopia,France,10486.364893436432
Ethiopia,Greece,2195.0
Ethiopia,Hungary,184.0
Ethiopia,Italy,24451.0
Ethiopia,LUX,259.0
Ethiopia,Latvia,2.0
Ethiopia,Lithuania,3.0
Ethiopia,New Zealand,1320.0
Ethiopia,Norway,8595.0
Ethiopia,Poland,390.0
Ethiopia,Portugal,46.0
Ethiopia,Slovakia,20.0
Ethiopia,Slovenia,15.0
Ethiopia,Spain,2450.0
Ethiopia,Sweden,20165.0
Ethiopia,Switzerland,7332.769026760945
Ethiopia,Turkey,6552.0
Ethiopia,United States,252172.0
FJI,Australia,67501.0
FJI,Canada,24990.0
FJI,Colombia,1.0
FJI,Czech Republic,10.0
FJI,Denmark,18.0
FJI,Estonia,2.0
FJI,France,260.3443386554718
FJI,Hungary,11.0
FJI,Italy,35.0
FJI,LUX,5.0
FJI,New Zealand,58617.0
FJI,Norway,29.0
FJI,Poland,3.0
FJI,Portugal,6.0
FJI,Spain,54.0
FJI,Sweden,55.0
FJI,Switzerland,49.289000511169434
FJI,United States,47624.0
FYUG,Denmark,954.0
FYUG,LUX,1721.0
FYUG,Switzerland,161500.09207891845
FYUG,United States,37144.0
Finland,Australia,7579.0
Finland,Bulgaria,79.0
Finland,Canada,8735.0
Finland,Colombia,38.0
Finland,Czech Republic,322.0
Finland,Denmark,3837.0
Finland,Estonia,4691.0
Finland,France,3447.301988363266
Finland,Greece,802.0
Finland,Hungary,760.0
Finland,Italy,2398.0
Finland,LUX,1009.0
Finland,Latvia,128.0
Finland,Lithuania,36.0
Finland,New Zealand,576.0
Finland,Norway,6815.0
Finland,Poland,512.0
Finland,Portugal,610.0
Finland,Slovakia,85.0
Finland,Slovenia,43.0
Finland,Spain,10711.0
Finland,Sweden,138970.0
Finland,Switzerland,4922.440062522888
Finland,Turkey,1136.0
Finland,United States,20521.0
France,Australia,36251.0
France,Bulgaria,852.0
France,Canada,168695.0
France,Colombia,2655.0
France,Czech Republic,3904.0
France,Denmark,7594.0
France,Estonia,1213.0
France,France,47921102.316156186
France,Greece,6073.0
France,Hungary,4765.0
France,Italy,112257.0
France,LUX,41647.0
France,Latvia,233.0
France,Lithuania,143.0
France,New Zealand,7623.0
France,Norway,6622.0
France,Poland,18716.0
France,Portugal,96521.0
France,Slovakia,1653.0
France,Slovenia,1074.0
France,Spain,199661.0
France,Sweden,10895.0
France,Switzerland,166340.3832409652
France,Turkey,24396.0
France,United States,227828.0
Georgia,Australia,560.0
Georgia,Bulgaria,346.0
Georgia,Canada,3490.0
Georgia,Colombia,9.0
Georgia,Czech Republic,1537.0
Georgia,Denmark,197.0
Georgia,Estonia,1760.0
Georgia,France,16842.1758415699
Georgia,Greece,73502.0
Georgia,Hungary,615.0
Georgia,Italy,21964.0
Georgia,LUX,138.0
Georgia,Latvia,1241.0
Georgia,Lithuania,693.0
Georgia,New Zealand,27.0
Georgia,Norway,347.0
Georgia,Poland,5218.0
Georgia,Portugal,469.0
Georgia,Slovakia,132.0
Georgia,Slovenia,27.0
Georgia,Spain,17003.0
Georgia,Sweden,1970.0
Georgia,Switzerland,1024.6989936828613
Georgia,Turkey,26376.0
Georgia,United States,25644.0
Germany,Australia,99416.0
Germany,Bulgaria,2984.0
Germany,Canada,149080.0
Germany,Colombia,1909.0
Germany,Czech Republic,9607.0
Germany,Denmark,35003.0
Germany,Estonia,2308.0
Germany,France,181822.92649018764
Germany,Greece,94288.0
Germany,Hungary,26795.0
Germany,Italy,189421.0
Germany,LUX,15587.0
Germany,Latvia,1783.0
Germany,Lithuania,1095.0
Germany,New Zealand,15768.0
Germany,Norway,27177.0
Germany,Poland,59034.0
Germany,Portugal,26478.0
Germany,Slovakia,2348.0
Germany,Slovenia,7282.0
Germany,Spain,159760.0
Germany,Sweden,48250.0
Germany,Switzerland,343980.7656402588
Germany,Turkey,289429.0
Germany,United States,1099334.0
Ghana,Australia,5903.0
Ghana,Bulgaria,28.0
Ghana,Canada,27770.0
Ghana,Colombia,22.0
Ghana,Czech Republic,462.0
Ghana,Denmark,2164.0
Ghana,Estonia,87.0
Ghana,France,7217.228993634086
Ghana,Greece,824.0
Ghana,Hungary,357.0
Ghana,Italy,46604.0
Ghana,LUX,89.0
Ghana,Latvia,13.0
Ghana,New Zealand,321.0
Ghana,Norway,2027.0
Ghana,Poland,162.0
Ghana,Portugal,137.0
Ghana,Slovakia,26.0
Ghana,Slovenia,29.0
Ghana,Spain,18948.0
Ghana,Sweden,3340.0
Ghana,Switzerland,2706.328978538513
Ghana,Turkey,1303.0
Ghana,United States,185669.0
Greece,Australia,91287.0
Greece,Bulgaria,6043.0
Greece,Canada,57065.0
Greece,Colombia,94.0
Greece,Czech Republic,2060.0
Greece,Denmark,3563.0
Greece,Estonia,155.0
Greece,France,13129.678099155424
Greece,Greece,7953960.0
Greece,Hungary,1270.0
Greece,Italy,13717.0
Greece,LUX,3280.0
Greece,Latvia,22.0
Greece,Lithuania,12.0
Greece,New Zealand,822.0
Greece,Norway,3011.0
Greece,Poland,4302.0
Greece,Portugal,340.0
Greece,Slovakia,345.0
Greece,Slovenia,112.0
Greece,Spain,4516.0
Greece,Sweden,17360.0
Greece,Switzerland,15498.996123313904
Greece,Turkey,29464.0
Greece,United States,136157.0
Guatemala,Australia,509.0
Guatemala,Bulgaria,5.0
Guatemala,Canada,20635.0
Guatemala,Colombia,562.0
Guatemala,Czech Republic,54.0
Guatemala,Denmark,234.0
Guatemala,Estonia,18.0
Guatemala,France,2969.8036427497864
Guatemala,Greece,32.0
Guatemala,Hungary,30.0
Guatemala,Italy,2282.0
Guatemala,LUX,115.0
Guatemala,Latvia,3.0
Guatemala,Mexico,50370.0
Guatemala,New Zealand,30.0
Guatemala,Norway,468.0
Guatemala,Poland,44.0
Guatemala,Portugal,101.0
Guatemala,Slovakia,9.0
Guatemala,Slovenia,10.0
Guatemala,Spain,13783.0
Guatemala,Sweden,855.0
Guatemala,Switzerland,1039.292010307312
Guatemala,United States,967627.0
Guyana,Australia,510.0
Guyana,Canada,86855.0
Guyana,Colombia,24.0
Guyana,Czech Republic,7.0
Guyana,Denmark,67.0
Guyana,Estonia,3.0
Guyana,France,3316.940316557884
Guyana,Greece,25.0
Guyana,Hungary,6.0
Guyana,Italy,65.0
Guyana,LUX,8.0
Guyana,New Zealand,54.0
Guyana,Norway,93.0
Guyana,Poland,10.0
Guyana,Portugal,31.0
Guyana,Slovenia,1.0
Guyana,Spain,123.0
Guyana,Sweden,95.0
Guyana,Switzerland,86.02200031280518
Guyana,United States,281695.0
Haiti,Australia,80.0
Haiti,Bulgaria,1.0
Haiti,Canada,108090.0
Haiti,Colombia,101.0
Haiti,Czech Republic,13.0
Haiti,Denmark,141.0
Haiti,Estonia,1.0
Haiti,France,97585.75690889359
Haiti,Greece,29.0
Haiti,Hungary,5.0
Haiti,Italy,746.0
Haiti,LUX,63.0
Haiti,Norway,40.0
Haiti,Poland,15.0
Haiti,Portugal,20.0
Haiti,Slovakia,8.0
Haiti,Slovenia,4.0
Haiti,Spain,949.0
Haiti,Sweden,130.0
Haiti,Switzerland,1268.912013102124
Haiti,Turkey,3167.0
Haiti,United States,683021.0
Honduras,Australia,356.0
Honduras,Bulgaria,4.0
Honduras,Canada,9735.0
Honduras,Colombia,515.0
Honduras,Czech Republic,43.0
Honduras,Denmark,116.0
Honduras,Estonia,12.0
Honduras,France,1159.2688274383545
Honduras,Greece,77.0
Honduras,Hungary,16.0
Honduras,Italy,3624.0
Honduras,LUX,34.0
Honduras,Latvia,2.0
Honduras,Lithuania,5.0
Honduras,Mexico,29536.0
Honduras,Norway,149.0
Honduras,Poland,30.0
Honduras,Portugal,73.0
Honduras,Slovakia,3.0
Honduras,Slovenia,10.0
Honduras,Spain,128759.0
Honduras,Sweden,410.0
Honduras,Switzerland,850.9969968795776
Honduras,United States,633504.0
Hungary,Australia,16357.0
Hungary,Bulgaria,398.0
Hungary,Canada,32440.0
Hungary,Colombia,88.0
Hungary,Czech Republic,3406.0
Hungary,Denmark,5371.0
Hungary,Estonia,276.0
Hungary,France,9731.893275737762
Hungary,Greece,1660.0
Hungary,Hungary,7700259.0
Hungary,Italy,11413.0
Hungary,LUX,1675.0
Hungary,Latvia,174.0
Hungary,Lithuania,102.0
Hungary,New Zealand,1440.0
Hungary,Norway,4003.0
Hungary,Poland,2099.0
Hungary,Portugal,532.0
Hungary,Slovakia,12460.0
Hungary,Slovenia,444.0
Hungary,Spain,9092.0
Hungary,Sweden,15655.0
Hungary,Switzerland,25153.756041824527
Hungary,Turkey,768.0
Hungary,United States,66592.0
India,Australia,623584.0
India,Bulgaria,519.0
India,Canada,1110620.0
India,Colombia,337.0
India,Czech Republic,4308.0
India,Denmark,13741.0
India,Estonia,1226.0
India,France,58225.46892666817
India,Greece,10871.0
India,Hungary,3396.0
India,Italy,160132.0
India,Japan,22991.0
India,LUX,3641.0
India,Latvia,1269.0
India,Lithuania,108.0
India,New Zealand,111480.0
India,Norway,14547.0
India,Poland,7203.0
India,Portugal,16434.0
India,Slovakia,132.0
India,Slovenia,294.0
India,Spain,52430.0
India,Sweden,37600.0
India,Switzerland,19979.041147232056
India,Turkey,4330.0
India,United States,2555895.0
Indonesia,Australia,83415.0
Indonesia,Bulgaria,54.0
Indonesia,Canada,18385.0
Indonesia,Colombia,66.0
Indonesia,Czech Republic,358.0
Indonesia,Denmark,1208.0
Indonesia,Estonia,68.0
Indonesia,France,6175.60994720459
Indonesia,Greece,582.0
Indonesia,Hungary,547.0
Indonesia,Italy,3657.0
Indonesia,Japan,46041.0
Indonesia,LUX,137.0
Indonesia,Latvia,3.0
Indonesia,Lithuania,3.0
Indonesia,New Zealand,6105.0
Indonesia,Norway,1706.0
Indonesia,Poland,761.0
Indonesia,Portugal,368.0
Indonesia,Slovakia,53.0
Indonesia,Slovenia,57.0
Indonesia,Spain,2329.0
Indonesia,Sweden,2900.0
Indonesia,Switzerland,3491.7950315487665
Indonesia,Turkey,10519.0
Indonesia,United States,101166.0
Iran,Australia,66664.0
Iran,Bulgaria,401.0
Iran,Canada,204260.0
Iran,Colombia,128.0
Iran,Czech Republic,968.0
Iran,Denmark,16429.0
Iran,Estonia,530.0
Iran,France,24782.09284543991
Iran,Greece,3211.0
Iran,Hungary,2881.0
Iran,Italy,19605.0
Iran,LUX,1229.0
Iran,Latvia,56.0
Iran,Lithuania,65.0
Iran,New Zealand,4305.0
Iran,Norway,18205.0
Iran,Poland,655.0
Iran,Portugal,813.0
Iran,Slovakia,248.0
Iran,Slovenia,224.0
Iran,Spain,9561.0
Iran,Sweden,78000.0
Iran,Switzerland,12767.340013764038
Iran,Turkey,135637.0
Iran,United States,402982.0
Iraq,Australia,84430.0
Iraq,Bulgaria,748.0
Iraq,Canada,80610.0
Iraq,Colombia,15.0
Iraq,Czech Republic,655.0
Iraq,Denmark,21339.0
Iraq,Estonia,45.0
Iraq,France,12166.609942436218
Iraq,Greece,4002.0
Iraq,Hungary,1026.0
Iraq,Italy,6420.0
Iraq,LUX,923.0
Iraq,Latvia,56.0
Iraq,Lithuania,19.0
Iraq,New Zealand,5541.0
Iraq,Norway,22437.0
Iraq,Poland,840.0
Iraq,Portugal,258.0
Iraq,Slovakia,90.0
Iraq,Slovenia,106.0
Iraq,Spain,2671.0
Iraq,Sweden,139950.0
Iraq,Switzerland,8829.400998833473
Iraq,Turkey,244470.0
Iraq,United States,224975.0
Ireland,Australia,77040.0
Ireland,Bulgaria,205.0
Ireland,Canada,33070.0
Ireland,Colombia,89.0
Ireland,Czech Republic,433.0
Ireland,Denmark,1913.0
Ireland,Estonia,172.0
Ireland,France,8963.48675251007
Ireland,Greece,599.0
Ireland,Hungary,853.0
Ireland,Italy,3214.0
Ireland,LUX,1438.0
Ireland,Latvia,103.0
Ireland,Lithuania,207.0
Ireland,New Zealand,9774.0
Ireland,Norway,1037.0
Ireland,Poland,793.0
Ireland,Portugal,1365.0
Ireland,Slovakia,138.0
Ireland,Slovenia,47.0
Ireland,Spain,14112.0
Ireland,Sweden,2655.0
Ireland,Switzerland,3795.3860416412354
Ireland,Turkey,737.0
Ireland,United States,128475.0
Israel,Australia,9954.0
Israel,Bulgaria,464.0
Israel,Canada,27175.0
Israel,Colombia,269.0
Israel,Czech Republic,780.0
Israel,Denmark,1601.0
Israel,Estonia,76.0
Israel,France,7552.637155879538
Israel,Greece,772.0
Israel,Hungary,1297.0
Israel,Italy,3463.0
Israel,LUX,204.0
Israel,Latvia,69.0
Israel,Lithuania,67.0
Israel,New Zealand,834.0
Israel,Norway,815.0
Israel,Poland,595.0
Israel,Portugal,465.0
Israel,Slovakia,176.0
Israel,Slovenia,41.0
Israel,Spain,3345.0
Israel,Sweden,2540.0
Israel,Switzerland,3440.6989698410034
Israel,Turkey,2261.0
Israel,United States,150896.0
Italy,Australia,161830.0
Italy,Bulgaria,2061.0
Italy,Canada,210065.0
Italy,Colombia,2500.0
Italy,Czech Republic,4549.0
Italy,Denmark,9302.0
Italy,Estonia,1054.0
Italy,France,283380.9404588606
Italy,Greece,6842.0
Italy,Hungary,4440.0
Italy,Italy,45643734.0
Italy,LUX,18513.0
Italy,Latvia,225.0
Italy,Lithuania,115.0
Italy,New Zealand,2958.0
Italy,Norway,4888.0
Italy,Poland,12069.0
Italy,Portugal,8701.0
Italy,Slovakia,2047.0
Italy,Slovenia,4181.0
Italy,Spain,134540.0
Italy,Sweden,12080.0
Italy,Switzerland,255604.45492629454
Italy,Turkey,3407.0
Italy,United States,378234.0
Jamaica,Australia,1101.0
Jamaica,Bulgaria,5.0
Jamaica,Canada,150130.0
Jamaica,Colombia,51.0
Jamaica,Czech Republic,28.0
Jamaica,Denmark,128.0
Jamaica,Estonia,4.0
Jamaica,France,681.1882711621818
Jamaica,Greece,6.0
Jamaica,Hungary,33.0
Jamaica,Italy,340.0
Jamaica,LUX,34.0
Jamaica,Latvia,4.0
Jamaica,New Zealand,153.0
Jamaica,Norway,187.0
Jamaica,Poland,22.0
Jamaica,Portugal,49.0
Jamaica,Slovakia,5.0
Jamaica,Slovenia,5.0
Jamaica,Spain,361.0
Jamaica,Sweden,390.0
Jamaica,Switzerland,669.4029989242554
Jamaica,United States,792619.0
Japan,Australia,41793.0
Japan,Bulgaria,89.0
Japan,Canada,38530.0
Japan,Colombia,541.0
Japan,Czech Republic,1337.0
Japan,Denmark,1970.0
Japan,Estonia,205.0
Japan,France,19278.375341415405
Japan,Greece,440.0
Japan,Hungary,1213.0
Japan,Italy,7433.0
Japan,Japan,106013327.0
Japan,LUX,513.0
Japan,Latvia,22.0
Japan,Lithuania,24.0
Japan,New Zealand,11790.0
Japan,Norway,1465.0
Japan,Poland,650.0
Japan,Portugal,443.0
Japan,Slovakia,130.0
Japan,Slovenia,95.0
Japan,Spain,6159.0
Japan,Sweden,3270.0
Japan,Switzerland,7006.850005272461
Japan,Turkey,1694.0
Japan,United States,496163.0
Kenya,Australia,19974.0
Kenya,Bulgaria,10.0
Kenya,Canada,30455.0
Kenya,Colombia,25.0
Kenya,Czech Republic,131.0
Kenya,Denmark,1671.0
Kenya,Estonia,30.0
Kenya,France,2092.683547973633
Kenya,Greece,473.0
Kenya,Hungary,448.0
Kenya,Italy,4009.0
Kenya,LUX,122.0
Kenya,Latvia,5.0
Kenya,Lithuania,3.0
Kenya,New Zealand,1722.0
Kenya,Norway,2112.0
Kenya,Poland,292.0
Kenya,Portugal,186.0
Kenya,Slovakia,28.0
Kenya,Slovenia,39.0
Kenya,Spain,1883.0
Kenya,Sweden,3915.0
Kenya,Switzerland,2842.5640201568604
Kenya,Turkey,1830.0
Kenya,United States,148274.0
Laos,Australia,10823.0
Laos,Bulgaria,1.0
Laos,Canada,14010.0
Laos,Colombia,3.0
Laos,Czech Republic,38.0
Laos,Denmark,39.0
Laos,Estonia,1.0
Laos,France,37129.24478888512
Laos,Greece,3.0
Laos,Hungary,272.0
Laos,Italy,245.0
Laos,LUX,55.0
Laos,New Zealand,864.0
Laos,Norway,134.0
Laos,Poland,33.0
Laos,Portugal,7.0
Laos,Slovakia,3.0
Laos,Slovenia,4.0
Laos,Spain,205.0
Laos,Sweden,485.0
Laos,Switzerland,1073.8889980316162
Laos,United States,179307.0
Lebanon,Australia,85237.0
Lebanon,Bulgaria,690.0
Lebanon,Canada,96970.0
Lebanon,Colombia,552.0
Lebanon,Czech Republic,431.0
Lebanon,Denmark,12674.0
Lebanon,Estonia,40.0
Lebanon,France,47241.81880712509
Lebanon,Greece,2286.0
Lebanon,Hungary,534.0
Lebanon,Italy,7470.0
Lebanon,LUX,497.0
Lebanon,Latvia,35.0
Lebanon,Lithuania,55.0
Lebanon,New Zealand,408.0
Lebanon,Norway,2012.0
Lebanon,Poland,590.0
Lebanon,Portugal,214.0
Lebanon,Slovakia,111.0
Lebanon,Slovenia,30.0
Lebanon,Spain,4555.0
Lebanon,Sweden,27490.0
Lebanon,Switzerland,6796.301964759827
Lebanon,Turkey,14942.0
Lebanon,United States,138747.0
Lithuania,Australia,2502.0
Lithuania,Bulgaria,173.0
Lithuania,Canada,5095.0
Lithuania,Colombia,43.0
Lithuania,Czech Republic,597.0
Lithuania,Denmark,12402.0
Lithuania,Estonia,1952.0
Lithuania,France,3551.267997026443
Lithuania,Greece,599.0
Lithuania,Hungary,292.0
Lithuania,Italy,5530.0
Lithuania,LUX,952.0
Lithuania,Latvia,13270.0
Lithuania,Lithuania,2257705.0
Lithuania,New Zealand,201.0
Lithuania,Norway,38750.0
Lithuania,Poland,27781.0
Lithuania,Portugal,521.0
Lithuania,Slovakia,125.0
Lithuania,Slovenia,42.0
Lithuania,Spain,13550.0
Lithuania,Sweden,14515.0
Lithuania,Switzerland,2849.238007545471
Lithuania,Turkey,656.0
Lithuania,United States,34919.0
Malaysia,Australia,157788.0
Malaysia,Bulgaria,7.0
Malaysia,Canada,26055.0
Malaysia,Colombia,22.0
Malaysia,Czech Republic,202.0
Malaysia,Denmark,735.0
Malaysia,Estonia,23.0
Malaysia,France,2743.1120969012604
Malaysia,Greece,81.0
Malaysia,Hungary,200.0
Malaysia,Italy,630.0
Malaysia,LUX,108.0
Malaysia,Latvia,7.0
Malaysia,New Zealand,18564.0
Malaysia,Norway,784.0
Malaysia,Poland,156.0
Malaysia,Portugal,100.0
Malaysia,Slovakia,16.0
Malaysia,Slovenia,10.0
Malaysia,Spain,669.0
Malaysia,Sweden,1530.0
Malaysia,Switzerland,2194.418999675374
Malaysia,Turkey,865.0
Malaysia,United States,71347.0
Mexico,Australia,6455.0
Mexico,Bulgaria,69.0
Mexico,Canada,121670.0
Mexico,Colombia,3722.0
Mexico,Czech Republic,844.0
Mexico,Denmark,1514.0
Mexico,Estonia,168.0
Mexico,France,15948.796266521118
Mexico,Greece,426.0
Mexico,Hungary,708.0
Mexico,Italy,9471.0
Mexico,LUX,552.0
Mexico,Latvia,31.0
Mexico,Lithuania,36.0
Mexico,Mexico,93080902.0
Mexico,New Zealand,1260.0
Mexico,Norway,1596.0
Mexico,Poland,799.0
Mexico,Portugal,772.0
Mexico,Slovakia,100.0
Mexico,Slovenia,86.0
Mexico,Spain,57053.0
Mexico,Sweden,3215.0
Mexico,Switzerland,8024.418058395386
Mexico,Turkey,574.0
Mexico,United States,10921068.0
Moldova,Australia,1100.0
Moldova,Bulgaria,3007.0
Moldova,Canada,18515.0
Moldova,Colombia,15.0
Moldova,Czech Republic,8951.0
Moldova,Denmark,1094.0
Moldova,Estonia,1388.0
Moldova,France,29821.538762111253
Moldova,Greece,9479.0
Moldova,Hungary,615.0
Moldova,Italy,195889.0
Moldova,LUX,805.0
Moldova,Latvia,1728.0
Moldova,Lithuania,688.0
Moldova,New Zealand,99.0
Moldova,Norway,1468.0
Moldova,Poland,3574.0
Moldova,Portugal,13386.0
Moldova,Slovakia,151.0
Moldova,Slovenia,372.0
Moldova,Spain,20530.0
Moldova,Sweden,1280.0
Moldova,Switzerland,3449.6009826660156
Moldova,Turkey,14802.0
Moldova,United States,52640.0
Morocco,Australia,2368.0
Morocco,Bulgaria,144.0
Morocco,Canada,84540.0
Morocco,Colombia,64.0
Morocco,Czech Republic,374.0
Morocco,Denmark,5726.0
Morocco,Estonia,73.0
Morocco,France,994035.0138261318
Morocco,Greece,1705.0
Morocco,Hungary,616.0
Morocco,Italy,435698.0
Morocco,LUX,3106.0
Morocco,Latvia,27.0
Morocco,Lithuania,15.0
Morocco,New Zealand,114.0
Morocco,Norway,6154.0
Morocco,Poland,805.0
Morocco,Portugal,2431.0
Morocco,Slovakia,45.0
Morocco,Slovenia,43.0
Morocco,Spain,877291.0
Morocco,Sweden,11490.0
Morocco,Switzerland,17571.24603746063
Morocco,Turkey,22129.0
Morocco,United States,93994.0
Myanmar,Australia,38016.0
Myanmar,Bulgaria,4.0
Myanmar,Canada,9260.0
Myanmar,Colombia,6.0
Myanmar,Czech Republic,121.0
Myanmar,Denmark,1661.0
Myanmar,Estonia,3.0
Myanmar,France,591.6378040362011
Myanmar,Greece,92.0
Myanmar,Hungary,68.0
Myanmar,Italy,405.0
Myanmar,LUX,10.0
Myanmar,Latvia,1.0
Myanmar,New Zealand,2700.0
Myanmar,Norway,3100.0
Myanmar,Poland,28.0
Myanmar,Portugal,14.0
Myanmar,Slovakia,2.0
Myanmar,Slovenia,7.0
Myanmar,Spain,122.0
Myanmar,Sweden,1485.0
Myanmar,Switzerland,324.68299674987793
Myanmar,Turkey,216.0
Myanmar,United States,146417.0
Nepal,Australia,119701.0
Nepal,Bulgaria,37.0
Nepal,Canada,19245.0
Nepal,Colombia,8.0
Nepal,Czech Republic,720.0
Nepal,Denmark,4055.0
Nepal,Estonia,175.0
Nepal,France,3798.0284872055054
Nepal,Greece,252.0
Nepal,Hungary,93.0
Nepal,Italy,2236.0
Nepal,Japan,60734.0
Nepal,LUX,341.0
Nepal,Latvia,52.0
Nepal,Lithuania,6.0
Nepal,New Zealand,3297.0
Nepal,Norway,2202.0
Nepal,Poland,1486.0
Nepal,Portugal,12280.0
Nepal,Slovakia,6.0
Nepal,Slovenia,22.0
Nepal,South Korea,39220.0
Nepal,Spain,5384.0
Nepal,Sweden,1150.0
Nepal,Switzerland,884.0490093231201
Nepal,Turkey,1630.0
Nepal,United States,143661.0
Netherlands,Australia,65352.0
Netherlands,Bulgaria,512.0
Netherlands,Canada,79715.0
Netherlands,Colombia,768.0
Netherlands,Czech Republic,1589.0
Netherlands,Denmark,7429.0
Netherlands,Estonia,317.0
Netherlands,France,37423.92302131653
Netherlands,Greece,3271.0
Netherlands,Hungary,3741.0
Netherlands,Italy,11866.0
Netherlands,LUX,3577.0
Netherlands,Latvia,82.0
Netherlands,Lithuania,38.0
Netherlands,New Zealand,18873.0
Netherlands,Norway,8642.0
Netherlands,Poland,2220.0
Netherlands,Portugal,6544.0
Netherlands,Slovakia,366.0
Netherlands,Slovenia,360.0
Netherlands,Spain,45367.0
Netherlands,Sweden,11675.0
Netherlands,Switzerland,22161.559993743896
Netherlands,Turkey,31904.0
Netherlands,United States,95529.0
New Zealand,Australia,495819.0
New Zealand,Bulgaria,31.0
New Zealand,Canada,12735.0
New Zealand,Colombia,86.0
New Zealand,Czech Republic,197.0
New Zealand,Denmark,848.0
New Zealand,Estonia,35.0
New Zealand,France,1960.716723203659
New Zealand,Greece,479.0
New Zealand,Hungary,136.0
New Zealand,Italy,813.0
New Zealand,LUX,105.0
New Zealand,Latvia,10.0
New Zealand,Lithuania,9.0
New Zealand,New Zealand,2558373.0
New Zealand,Norway,625.0
New Zealand,Poland,128.0
New Zealand,Portugal,141.0
New Zealand,Slovakia,22.0
New Zealand,Slovenia,24.0
New Zealand,Spain,1044.0
New Zealand,Sweden,1210.0
New Zealand,Switzerland,1936.8379917144775
New Zealand,Turkey,158.0
New Zealand,United States,34890.0
Nicaragua,Australia,778.0
Nicaragua,Bulgaria,36.0
Nicaragua,Canada,11725.0
Nicaragua,Colombia,496.0
Nicaragua,Czech Republic,38.0
Nicaragua,Denmark,170.0
Nicaragua,Estonia,4.0
Nicaragua,France,788.2281551361084
Nicaragua,Greece,49.0
Nicaragua,Hungary,12.0
Nicaragua,Italy,1365.0
Nicaragua,LUX,26.0
Nicaragua,Latvia,1.0
Nicaragua,Norway,229.0
Nicaragua,Poland,21.0
Nicaragua,Portugal,54.0
Nicaragua,Slovakia,14.0
Nicaragua,Slovenia,5.0
Nicaragua,Spain,63760.0
Nicaragua,Sweden,1025.0
Nicaragua,Switzerland,955.7369937896729
Nicaragua,United States,251187.0
Nigeria,Australia,11604.0
Nigeria,Bulgaria,187.0
Nigeria,Canada,92630.0
Nigeria,Colombia,39.0
Nigeria,Czech Republic,651.0
Nigeria,Denmark,1516.0
Nigeria,Estonia,938.0
Nigeria,France,16316.19925069809
Nigeria,Greece,2940.0
Nigeria,Hungary,1733.0
Nigeria,Italy,97340.0
Nigeria,LUX,459.0
Nigeria,Latvia,38.0
Nigeria,Lithuania,56.0
Nigeria,New Zealand,813.0
Nigeria,Norway,1941.0
Nigeria,Poland,1305.0
Nigeria,Portugal,535.0
Nigeria,Slovakia,84.0
Nigeria,Slovenia,72.0
Nigeria,Spain,32093.0
Nigeria,Sweden,6280.0
Nigeria,Switzerland,3092.982005119324
Nigeria,Turkey,12602.0
Nigeria,United States,387390.0
North Korea,Australia,97167.0
North Korea,Bulgaria,142.0
North Korea,Canada,160030.0
North Korea,Colombia,469.0
North Korea,Czech Republic,1370.0
North Korea,Denmark,8855.0
North Korea,Estonia,89.0
North Korea,France,20079.776546001434
North Korea,Greece,259.0
North Korea,Hungary,2181.0
North Korea,Italy,4118.0
North Korea,Japan,354675.0
North Korea,LUX,863.0
North Korea,Latvia,38.0
North Korea,Lithuania,7.0
North Korea,New Zealand,28503.0
North Korea,Norway,7304.0
North Korea,Poland,1785.0
North Korea,Portugal,184.0
North Korea,Slovakia,271.0
North Korea,Slovenia,38.0
North Korea,South Korea,43535320.0
North Korea,Spain,4542.0
North Korea,Sweden,10795.0
North Korea,Switzerland,3572.7350244514428
North Korea,Turkey,2632.0
North Korea,United States,1063422.0
North Macedonia,Australia,41500.0
North Macedonia,Bulgaria,4008.0
North Macedonia,Canada,10250.0
North Macedonia,Colombia,1.0
North Macedonia,Czech Republic,2141.0
North Macedonia,Denmark,3689.0
North Macedonia,Estonia,50.0
North Macedonia,France,8406.125903606415
North Macedonia,Greece,1919.0
North Macedonia,Hungary,436.0
North Macedonia,Italy,67900.0
North Macedonia,LUX,643.0
North Macedonia,Latvia,11.0
North Macedonia,Lithuania,8.0
North Macedonia,New Zealand,708.0
North Macedonia,Norway,2911.0
North Macedonia,Poland,337.0
North Macedonia,Portugal,69.0
North Macedonia,Slovakia,1114.0
North Macedonia,Slovenia,18703.0
North Macedonia,Spain,766.0
North Macedonia,Sweden,8595.0
North Macedonia,Switzerland,72550.31341457367
North Macedonia,Turkey,37256.0
North Macedonia,United States,27708.0
Other,Australia,447290.0
Other,Bulgaria,6732.0
Other,Canada,481895.0
Other,Colombia,13081.0
Other,Czech Republic,25514.0
Other,Denmark,4282673.0
Other,Estonia,935723.0
Other,France,898382.3850448132
Other,Greece,71817.0
Other,Hungary,16402.0
Other,Italy,240505.0
Other,Japan,285803.0
Other,LUX,271428.0
Other,Latvia,1382685.0
Other,Lithuania,16481.0
Other,Mexico,291527.0
Other,New Zealand,127935.0
Other,Norway,3740271.0
Other,Poland,26150.0
Other,Portugal,179721.0
Other,Slovakia,2046.0
Other,Slovenia,1539528.0
Other,South Korea,34944.0
Other,Spain,371811.0
Other,Sweden,176085.0
Other,Switzerland,75016.21694278717
Other,Turkey,518111.0
Other,United States,2356300.0
Pakistan,Australia,78055.0
Pakistan,Bulgaria,144.0
Pakistan,Canada,228730.0
Pakistan,Colombia,34.0
Pakistan,Czech Republic,531.0
Pakistan,Denmark,13336.0
Pakistan,Estonia,501.0
Pakistan,France,28946.63851737976
Pakistan,Greece,34061.0
Pakistan,Hungary,1266.0
Pakistan,Italy,124103.0
Pakistan,LUX,403.0
Pakistan,Latvia,154.0
Pakistan,Lithuania,50.0
Pakistan,New Zealand,4473.0
Pakistan,Norway,20719.0
Pakistan,Poland,754.0
Pakistan,Portugal,3867.0
Pakistan,Slovakia,35.0
Pakistan,Slovenia,51.0
Pakistan,Spain,92453.0
Pakistan,Sweden,18130.0
Pakistan,Switzerland,4101.71298122406
Pakistan,Turkey,16974.0
Pakistan,United States,394100.0
Peru,Australia,11264.0
Peru,Bulgaria,48.0
Peru,Canada,33390.0
Peru,Colombia,4735.0
Peru,Czech Republic,302.0
Peru,Denmark,1133.0
Peru,Estonia,56.0
Peru,France,14092.1563801779
Peru,Greece,299.0
Peru,Hungary,299.0
Peru,Italy,113457.0
Peru,Japan,34349.0
Peru,LUX,589.0
Peru,Latvia,11.0
Peru,Lithuania,15.0
Peru,New Zealand,825.0
Peru,Norway,1646.0
Peru,Poland,294.0
Peru,Portugal,661.0
Peru,Slovakia,76.0
Peru,Slovenia,62.0
Peru,Spain,236240.0
Peru,Sweden,7925.0
Peru,Switzerland,10177.866000175476
Peru,United States,457815.0
Philippines,Australia,275610.0
Philippines,Bulgaria,145.0
Philippines,Canada,717540.0
Philippines,Colombia,88.0
Philippines,Czech Republic,2117.0
Philippines,Denmark,10994.0
Philippines,Estonia,156.0
Philippines,France,20689.127898216248
Philippines,Greece,9161.0
Philippines,Hungary,1102.0
Philippines,Italy,141223.0
Philippines,Japan,208416.0
Philippines,LUX,1032.0
Philippines,Latvia,18.0
Philippines,Lithuania,24.0
Philippines,New Zealand,60321.0
Philippines,Norway,23250.0
Philippines,Poland,1934.0
Philippines,Portugal,948.0
Philippines,Slovakia,84.0
Philippines,Slovenia,178.0
Philippines,South Korea,42979.0
Philippines,Spain,50459.0
Philippines,Sweden,14525.0
Philippines,Switzerland,13434.70606327057
Philippines,Turkey,4737.0
Philippines,United States,2065677.0
Poland,Australia,45366.0
Poland,Bulgaria,1556.0
Poland,Canada,136865.0
Poland,Colombia,198.0
Poland,Czech Republic,20058.0
Poland,Denmark,39501.0
Poland,Estonia,764.0
Poland,France,86283.52094745636
Poland,Greece,11297.0
Poland,Hungary,4386.0
Poland,Italy,93015.0
Poland,LUX,5040.0
Poland,Latvia,679.0
Poland,Lithuania,1430.0
Poland,New Zealand,2298.0
Poland,Norway,97318.0
Poland,Poland,30495725.0
Poland,Portugal,1913.0
Poland,Slovakia,4694.0
Poland,Slovenia,393.0
Poland,Spain,48155.0
Poland,Sweden,89730.0
Poland,Switzerland,44166.738867759705
Poland,Turkey,2499.0
Poland,United States,426934.0
Portugal,Australia,16758.0
Portugal,Bulgaria,240.0
Portugal,Canada,132455.0
Portugal,Colombia,347.0
Portugal,Czech Republic,698.0
Portugal,Denmark,2770.0
Portugal,Estonia,220.0
Portugal,France,593931.2602242253
Portugal,Greece,370.0
Portugal,Hungary,750.0
Portugal,Italy,5991.0
Portugal,LUX,70051.0
Portugal,Latvia,42.0
Portugal,Lithuania,38.0
Portugal,New Zealand,339.0
Portugal,Norway,3403.0
Portugal,Poland,1047.0
Portugal,Portugal,8014275.0
Portugal,Slovakia,112.0
Portugal,Slovenia,63.0
Portugal,Spain,92179.0
Portugal,Sweden,4115.0
Portugal,Switzerland,199400.8549413681
Portugal,Turkey,258.0
Portugal,United States,181678.0
Puerto Rico,Australia,149.0
Puerto Rico,Canada,510.0
Puerto Rico,Colombia,468.0
Puerto Rico,Czech Republic,15.0
Puerto Rico,France,182.38968014717102
Puerto Rico,Hungary,10.0
Puerto Rico,Norway,32.0
Puerto Rico,Poland,3.0
Puerto Rico,Portugal,33.0
Puerto Rico,Slovakia,4.0
Puerto Rico,Switzerland,20.823999404907227
Puerto Rico,United States,1724034.0
Romania,Australia,15029.0
Romania,Bulgaria,4252.0
Romania,Canada,87075.0
Romania,Colombia,142.0
Romania,Czech Republic,11274.0
Romania,Denmark,27798.0
Romania,Estonia,263.0
Romania,France,129862.89396189798
Romania,Greece,27601.0
Romania,Hungary,184811.0
Romania,Italy,879659.0
Romania,LUX,5618.0
Romania,Latvia,75.0
Romania,Lithuania,55.0
Romania,New Zealand,2190.0
Romania,Norway,14938.0
Romania,Poland,2284.0
Romania,Portugal,14030.0
Romania,Slovakia,5720.0
Romania,Slovenia,382.0
Romania,Spain,547004.0
Romania,Sweden,30955.0
Romania,Switzerland,30427.56016157424
Romania,Turkey,9455.0
Romania,United States,172005.0
Russia,Australia,22524.0
Russia,Bulgaria,24788.0
Russia,Canada,84200.0
Russia,Colombia,591.0
Russia,Czech Republic,38484.0
Russia,Denmark,6083.0
Russia,Estonia,108845.0
Russia,France,68047.34095621109
Russia,Greece,41709.0
Russia,Hungary,11433.0
Russia,Italy,73262.0
Russia,LUX,2956.0
Russia,Latvia,108668.0
Russia,Lithuania,61034.0
Russia,New Zealand,7203.0
Russia,Norway,18042.0
Russia,Poland,28253.0
Russia,Portugal,6510.0
Russia,Slovakia,2814.0
Russia,Slovenia,3347.0
Russia,Spain,87367.0
Russia,Sweden,21295.0
Russia,Switzerland,23530.619325637817
Russia,Turkey,65198.0
Russia,United States,409522.0
Senegal,Australia,384.0
Senegal,Bulgaria,7.0
Senegal,Canada,12110.0
Senegal,Colombia,7.0
Senegal,Czech Republic,78.0
Senegal,Denmark,138.0
Senegal,Estonia,7.0
Senegal,France,150592.14089269418
Senegal,Greece,562.0
Senegal,Hungary,31.0
Senegal,Italy,111436.0
Senegal,LUX,932.0
Senegal,Latvia,6.0
Senegal,Norway,303.0
Senegal,Poland,76.0
Senegal,Portugal,1263.0
Senegal,Slovakia,17.0
Senegal,Slovenia,6.0
Senegal,Spain,76547.0
Senegal,Sweden,970.0
Senegal,Switzerland,2818.7080125808716
Senegal,Turkey,2690.0
Senegal,United States,30234.0
Serbia,Australia,26563.0
Serbia,Bulgaria,2433.0
Serbia,Canada,32400.0
Serbia,Colombia,41.0
Serbia,Czech Republic,4531.0
Serbia,Denmark,1565.0
Serbia,Estonia,79.0
Serbia,France,83753.29487878295
Serbia,Greece,4207.0
Serbia,Hungary,35706.0
Serbia,Italy,33363.0
Serbia,LUX,2345.0
Serbia,Latvia,26.0
Serbia,Lithuania,18.0
Serbia,New Zealand,1008.0
Serbia,Norway,6730.0
Serbia,Poland,957.0
Serbia,Portugal,343.0
Serbia,Slovakia,4077.0
Serbia,Slovenia,29169.0
Serbia,Spain,5596.0
Serbia,Sweden,14135.0
Serbia,Switzerland,64423.160135269165
Serbia,Turkey,2630.0
Serbia,United States,43157.0
Slovakia,Australia,4702.0
Slovakia,Bulgaria,339.0
Slovakia,Canada,13600.0
Slovakia,Colombia,29.0
Slovakia,Czech Republic,242841.0
Slovakia,Denmark,2855.0
Slovakia,Estonia,114.0
Slovakia,France,4435.130454227708
Slovakia,Greece,844.0
Slovakia,Hungary,29541.0
Slovakia,Italy,9969.0
Slovakia,LUX,857.0
Slovakia,Latvia,29.0
Slovakia,Lithuania,9.0
Slovakia,New Zealand,459.0
Slovakia,Norway,3591.0
Slovakia,Poland,2253.0
Slovakia,Portugal,206.0
Slovakia,Slovakia,4398992.0
Slovakia,Slovenia,538.0
Slovakia,Spain,5219.0
Slovakia,Sweden,1930.0
Slovakia,Switzerland,23027.179914474487
Slovakia,Turkey,327.0
Slovakia,United States,18250.0
Somalia,Australia,7872.0
Somalia,Bulgaria,8.0
Somalia,Canada,32675.0
Somalia,Czech Republic,40.0
Somalia,Denmark,10441.0
Somalia,Estonia,7.0
Somalia,France,6318.278896808624
Somalia,Greece,1345.0
Somalia,Hungary,76.0
Somalia,Italy,11498.0
Somalia,LUX,112.0
Somalia,Latvia,4.0
Somalia,Lithuania,4.0
Somalia,New Zealand,1029.0
Somalia,Norway,26356.0
Somalia,Poland,19.0
Somalia,Portugal,34.0
Somalia,Slovakia,20.0
Somalia,Slovenia,23.0
Somalia,Spain,460.0
Somalia,Sweden,62715.0
Somalia,Switzerland,6401.605005264281
Somalia,Turkey,25024.0
Somalia,United States,99555.0
South Africa,Australia,177418.0
South Africa,Bulgaria,244.0
South Africa,Canada,52100.0
South Africa,Colombia,108.0
South Africa,Czech Republic,611.0
South Africa,Denmark,1723.0
South Africa,Estonia,108.0
South Africa,France,6673.692873754977
South Africa,Greece,4804.0
South Africa,Hungary,675.0
South Africa,Italy,5746.0
South Africa,LUX,762.0
South Africa,Latvia,19.0
South Africa,Lithuania,11.0
South Africa,New Zealand,63582.0
South Africa,Norway,1532.0
South Africa,Poland,733.0
South Africa,Portugal,11878.0
South Africa,Slovakia,125.0
South Africa,Slovenia,85.0
South Africa,Spain,3540.0
South Africa,Sweden,2870.0
South Africa,Switzerland,9023.477026892822
South Africa,Turkey,1120.0
South Africa,United States,116340.0
Spain,Australia,16447.0
Spain,Bulgaria,1475.0
Spain,Canada,13570.0
Spain,Colombia,7270.0
Spain,Czech Republic,1867.0
Spain,Denmark,7178.0
Spain,Estonia,711.0
Spain,France,240507.2873468399
Spain,Greece,1191.0
Spain,Hungary,2248.0
Spain,Italy,29030.0
Spain,LUX,5748.0
Spain,Latvia,108.0
Spain,Lithuania,287.0
Spain,Mexico,18672.0
Spain,New Zealand,1155.0
Spain,Norway,6715.0
Spain,Poland,4376.0
Spain,Portugal,14824.0
Spain,Slovakia,593.0
Spain,Slovenia,170.0
Spain,Spain,33830299.0
Spain,Sweden,10985.0
Spain,Switzerland,63618.106026649475
Spain,Turkey,1419.0
Spain,United States,144076.0
Sri Lanka,Australia,125683.0
Sri Lanka,Bulgaria,25.0
Sri Lanka,Canada,138635.0
Sri Lanka,Colombia,4.0
Sri Lanka,Czech Republic,135.0
Sri Lanka,Denmark,7808.0
Sri Lanka,Estonia,112.0
Sri Lanka,France,49897.03605127335
Sri Lanka,Greece,815.0
Sri Lanka,Hungary,67.0
Sri Lanka,Italy,88681.0
Sri Lanka,LUX,106.0
Sri Lanka,Latvia,197.0
Sri Lanka,New Zealand,13119.0
Sri Lanka,Norway,9318.0
Sri Lanka,Poland,141.0
Sri Lanka,Portugal,77.0
Sri Lanka,Slovakia,11.0
Sri Lanka,Slovenia,20.0
Sri Lanka,Spain,675.0
Sri Lanka,Sweden,7440.0
Sri Lanka,Switzerland,31287.337824862392
Sri Lanka,United States,52551.0
Sweden,Australia,10064.0
Sweden,Bulgaria,183.0
Sweden,Canada,7215.0
Sweden,Colombia,202.0
Sweden,Czech Republic,492.0
Sweden,Denmark,20959.0
Sweden,Estonia,819.0
Sweden,France,8136.285203697006
Sweden,Greece,4747.0
Sweden,Hungary,1326.0
Sweden,Italy,5347.0
Sweden,LUX,1311.0
Sweden,Latvia,167.0
Sweden,Lithuania,44.0
Sweden,New Zealand,1572.0
Sweden,Norway,45644.0
Sweden,Poland,1742.0
Sweden,Portugal,2957.0
Sweden,Slovakia,133.0
Sweden,Slovenia,303.0
Sweden,Spain,17250.0
Sweden,Sweden,6660190.0
Sweden,Switzerland,8725.117046356201
Sweden,Turkey,4895.0
Sweden,United States,48697.0
Switzerland,Australia,12128.0
Switzerland,Bulgaria,225.0
Switzerland,Canada,20505.0
Switzerland,Colombia,639.0
Switzerland,Czech Republic,714.0
Switzerland,Denmark,2493.0
Switzerland,Estonia,120.0
Switzerland,France,78403.85542889644
Switzerland,Greece,3324.0
Switzerland,Hungary,2370.0
Switzerland,Italy,183231.0
Switzerland,LUX,1191.0
Switzerland,Latvia,50.0
Switzerland,Lithuania,19.0
Switzerland,New Zealand,2979.0
Switzerland,Norway,2261.0
Switzerland,Poland,856.0
Switzerland,Portugal,15681.0
Switzerland,Slovakia,341.0
Switzerland,Slovenia,904.0
Switzerland,Spain,55518.0
Switzerland,Sweden,3600.0
Switzerland,Switzerland,4796203.780138016
Switzerland,Turkey,13548.0
Switzerland,United States,44392.0
Syria,Australia,25156.0
Syria,Bulgaria,3056.0
Syria,Canada,79920.0
Syria,Colombia,89.0
Syria,Czech Republic,1412.0
Syria,Denmark,26090.0
Syria,Estonia,105.0
Syria,France,36817.825769209994
Syria,Greece,9106.0
Syria,Hungary,2048.0
Syria,Italy,6885.0
Syria,LUX,1955.0
Syria,Latvia,64.0
Syria,Lithuania,137.0
Syria,New Zealand,900.0
Syria,Norway,25011.0
Syria,Poland,1168.0
Syria,Portugal,531.0
Syria,Slovakia,340.0
Syria,Slovenia,203.0
Syria,Spain,9369.0
Syria,Sweden,155195.0
Syria,Switzerland,18161.888167033998
Syria,Turkey,224730.0
Syria,United States,100700.0
Taiwan,Bulgaria,13.0
Taiwan,Canada,69845.0
Taiwan,Colombia,154.0
Taiwan,Czech Republic,278.0
Taiwan,Denmark,415.0
Taiwan,Estonia,25.0
Taiwan,France,5085.780020475388
Taiwan,Italy,999.0
Taiwan,Latvia,15.0
Taiwan,New Zealand,9996.0
Taiwan,Norway,404.0
Taiwan,Poland,590.0
Taiwan,Portugal,100.0
Taiwan,Slovakia,49.0
Taiwan,Slovenia,28.0
Taiwan,Turkey,215.0
Taiwan,United States,390391.0
Thailand,Australia,76957.0
Thailand,Bulgaria,47.0
Thailand,Canada,19165.0
Thailand,Colombia,23.0
Thailand,Czech Republic,1160.0
Thailand,Denmark,13106.0
Thailand,Estonia,141.0
Thailand,France,20692.117875814438
Thailand,Greece,508.0
Thailand,Hungary,1539.0
Thailand,Italy,10050.0
Thailand,Japan,41120.0
Thailand,LUX,660.0
Thailand,Latvia,26.0
Thailand,Lithuania,7.0
Thailand,New Zealand,9279.0
Thailand,Norway,21458.0
Thailand,Poland,592.0
Thailand,Portugal,1577.0
Thailand,Slovakia,198.0
Thailand,Slovenia,336.0
Thailand,South Korea,121579.0
Thailand,Spain,2624.0
Thailand,Sweden,41715.0
Thailand,Switzerland,18504.38383579254
Thailand,Turkey,2838.0
Thailand,United States,258380.0
Trinidad and Tobago,Australia,1542.0
Trinidad and Tobago,Bulgaria,2.0
Trinidad and Tobago,Canada,66420.0
Trinidad and Tobago,Colombia,52.0
Trinidad and Tobago,Czech Republic,13.0
Trinidad and Tobago,Denmark,124.0
Trinidad and Tobago,Estonia,1.0
Trinidad and Tobago,France,567.1343476772308
Trinidad and Tobago,Greece,21.0
Trinidad and Tobago,Hungary,18.0
Trinidad and Tobago,Italy,158.0
Trinidad and Tobago,LUX,25.0
Trinidad and Tobago,New Zealand,126.0
Trinidad and Tobago,Norway,349.0
Trinidad and Tobago,Poland,15.0
Trinidad and Tobago,Portugal,42.0
Trinidad and Tobago,Slovakia,7.0
Trinidad and Tobago,Slovenia,6.0
Trinidad and Tobago,Spain,258.0
Trinidad and Tobago,Sweden,265.0
Trinidad and Tobago,Switzerland,283.52400016937986
Trinidad and Tobago,United States,233119.0
Tunisia,Australia,643.0
Tunisia,Bulgaria,191.0
Tunisia,Canada,27770.0
Tunisia,Colombia,20.0
Tunisia,Czech Republic,1042.0
Tunisia,Denmark,925.0
Tunisia,Estonia,45.0
Tunisia,France,412628.95071604074
Tunisia,Greece,1292.0
Tunisia,Hungary,791.0
Tunisia,Italy,107097.0
Tunisia,LUX,1524.0
Tunisia,Latvia,6.0
Tunisia,Lithuania,5.0
Tunisia,New Zealand,15.0
Tunisia,Norway,1097.0
Tunisia,Poland,1099.0
Tunisia,Portugal,348.0
Tunisia,Slovakia,159.0
Tunisia,Slovenia,90.0
Tunisia,Spain,3685.0
Tunisia,Sweden,5690.0
Tunisia,Switzerland,12816.814956707789
Tunisia,Turkey,6080.0
Tunisia,United States,10183.0
Turkey,Australia,37398.0
Turkey,Bulgaria,5328.0
Turkey,Canada,39085.0
Turkey,Colombia,159.0
Turkey,Czech Republic,2214.0
Turkey,Denmark,32336.0
Turkey,Estonia,678.0
Turkey,France,251105.1859509945
Turkey,Greece,21388.0
Turkey,Hungary,2977.0
Turkey,Italy,19142.0
Turkey,LUX,1649.0
Turkey,Latvia,235.0
Turkey,Lithuania,186.0
Turkey,New Zealand,975.0
Turkey,Norway,12499.0
Turkey,Poland,4031.0
Turkey,Portugal,594.0
Turkey,Slovakia,357.0
Turkey,Slovenia,356.0
Turkey,Spain,5791.0
Turkey,Sweden,49845.0
Turkey,Switzerland,79504.62884902954
Turkey,Turkey,61927468.0
Turkey,United States,141253.0
Ukraine,Australia,13487.0
Ukraine,Bulgaria,10429.0
Ukraine,Canada,82610.0
Ukraine,Colombia,179.0
Ukraine,Czech Republic,150760.0
Ukraine,Denmark,11244.0
Ukraine,Estonia,27595.0
Ukraine,France,29027.080862998962
Ukraine,Greece,20009.0
Ukraine,Hungary,87985.0
Ukraine,Italy,233249.0
Ukraine,LUX,1638.0
Ukraine,Latvia,31429.0
Ukraine,Lithuania,13666.0
Ukraine,New Zealand,1755.0
Ukraine,Norway,5965.0
Ukraine,Poland,373741.0
Ukraine,Portugal,32145.0
Ukraine,Slovakia,12792.0
Ukraine,Slovenia,2643.0
Ukraine,Spain,104380.0
Ukraine,Sweden,10750.0
Ukraine,Switzerland,11585.739070416505
Ukraine,Turkey,29633.0
Ukraine,United States,372224.0
United Kingdom,Australia,1070254.0
United Kingdom,Bulgaria,4532.0
United Kingdom,Canada,493060.0
United Kingdom,Colombia,1269.0
United Kingdom,Czech Republic,5698.0
United Kingdom,Denmark,19239.0
United Kingdom,Estonia,1016.0
United Kingdom,France,152073.651709888
United Kingdom,Greece,16326.0
United Kingdom,Hungary,4665.0
United Kingdom,Italy,59718.0
United Kingdom,Japan,13008.0
United Kingdom,LUX,4805.0
United Kingdom,Latvia,351.0
United Kingdom,Lithuania,445.0
United Kingdom,New Zealand,250269.0
United Kingdom,Norway,18850.0
United Kingdom,Poland,8868.0
United Kingdom,Portugal,26440.0
United Kingdom,Slovakia,1400.0
United Kingdom,Slovenia,678.0
United Kingdom,Spain,274252.0
United Kingdom,Sweden,26835.0
United Kingdom,Switzerland,42063.23406505585
United Kingdom,Turkey,28163.0
United Kingdom,United States,839183.0
United States,Australia,87949.0
United States,Bulgaria,1137.0
United States,Canada,318625.0
United States,Colombia,11790.0
United States,Czech Republic,5833.0
United States,Denmark,12255.0
United States,Estonia,960.0
United States,France,47824.77606701851
United States,Greece,19645.0
United States,Hungary,5173.0
United States,Italy,44707.0
United States,Japan,44215.0
United States,LUX,2543.0
United States,Latvia,373.0
United States,Lithuania,488.0
United States,Mexico,376042.0
United States,New Zealand,24135.0
United States,Norway,17213.0
United States,Poland,12759.0
United States,Portugal,8768.0
United States,Slovakia,1443.0
United States,Slovenia,668.0
United States,Spain,44415.0
United States,Sweden,19805.0
United States,Switzerland,31386.692985534668
United States,Turkey,15367.0
United States,United States,220589457.0
Unknown,Bulgaria,1561.0
Unknown,Colombia,446744.0
Unknown,Czech Republic,852.0
Unknown,Denmark,11203.0
Unknown,Estonia,653.0
Unknown,Greece,7331.0
Unknown,Japan,90351.0
Unknown,LUX,395.0
Unknown,Latvia,5.0
Unknown,Lithuania,3.0
Unknown,New Zealand,49680.0
Unknown,Poland,17975.0
Unknown,Slovakia,13912.0
Unknown,South Korea,382487.0
Unknown,Spain,4608.0
Unknown,Sweden,95660.0
Unknown,Switzerland,5379.135955810547
Unknown,Turkey,1134063.0
Unknown,United States,14600.0
Uzbekistan,Australia,1822.0
Uzbekistan,Bulgaria,991.0
Uzbekistan,Canada,7020.0
Uzbekistan,Colombia,18.0
Uzbekistan,Czech Republic,2444.0
Uzbekistan,Denmark,279.0
Uzbekistan,Estonia,1155.0
Uzbekistan,France,1494.7223048210142
Uzbekistan,Greece,9390.0
Uzbekistan,Hungary,441.0
Uzbekistan,Italy,2637.0
Uzbekistan,LUX,138.0
Uzbekistan,Latvia,2873.0
Uzbekistan,Lithuania,1187.0
Uzbekistan,New Zealand,195.0
Uzbekistan,Norway,644.0
Uzbekistan,Poland,2425.0
Uzbekistan,Portugal,764.0
Uzbekistan,Slovakia,75.0
Uzbekistan,Slovenia,71.0
Uzbekistan,South Korea,53210.0
Uzbekistan,Spain,745.0
Uzbekistan,Sweden,4475.0
Uzbekistan,Switzerland,886.3979969024658
Uzbekistan,Turkey,103106.0
Uzbekistan,United States,67263.0
Venezuela,Australia,6331.0
Venezuela,Bulgaria,33.0
Venezuela,Canada,31400.0
Venezuela,Colombia,576435.0
Venezuela,Czech Republic,414.0
Venezuela,Denmark,874.0
Venezuela,Estonia,68.0
Venezuela,France,11703.242910828949
Venezuela,Greece,1200.0
Venezuela,Hungary,1159.0
Venezuela,Italy,58286.0
Venezuela,LUX,727.0
Venezuela,Latvia,45.0
Venezuela,Lithuania,7.0
Venezuela,Mexico,45607.0
Venezuela,New Zealand,318.0
Venezuela,Norway,1327.0
Venezuela,Poland,388.0
Venezuela,Portugal,38148.0
Venezuela,Slovakia,23.0
Venezuela,Slovenia,100.0
Venezuela,Spain,373632.0
Venezuela,Sweden,1610.0
Venezuela,Switzerland,6558.224997520447
Venezuela,Turkey,309.0
Venezuela,United States,424354.0
Vietnam,Australia,249906.0
Vietnam,Bulgaria,601.0
Vietnam,Canada,196220.0
Vietnam,Colombia,12.0
Vietnam,Czech Republic,33602.0
Vietnam,Denmark,9800.0
Vietnam,Estonia,54.0
Vietnam,France,112565.61936593056
Vietnam,Greece,232.0
Vietnam,Hungary,6202.0
Vietnam,Italy,4553.0
Vietnam,Japan,304647.0
Vietnam,LUX,592.0
Vietnam,Latvia,140.0
Vietnam,Lithuania,63.0
Vietnam,New Zealand,8619.0
Vietnam,Norway,14344.0
Vietnam,Poland,8687.0
Vietnam,Portugal,189.0
Vietnam,Slovakia,2955.0
Vietnam,Slovenia,21.0
Vietnam,South Korea,197890.0
Vietnam,Spain,2755.0
Vietnam,Sweden,16750.0
Vietnam,Switzerland,12142.776026725769
Vietnam,United States,1342107.0
